CREATE SCHEMA HIS_WEB;
USE HIS_WEB;
-- 结算类别
CREATE TABLE CalClass (
	ID BIGINT NOT NULL AUTO_INCREMENT,
    CalCode VARCHAR(45) NOT NULL,
    CalName VARCHAR(45) NOT NULL,
    isDelete INT NOT NULL,
    PRIMARY KEY (ID)
);
INSERT INTO CalClass (ID, CalCode, CalName, isDelete) VALUES
('1','js001','自费','1'),
('2','js002','市医保','1');

-- 患者费用明细
CREATE TABLE ChargeInfo (
	ID BIGINT NOT NULL AUTO_INCREMENT,
    RegId INT NOT NULL,
    PatientName VARCHAR(45) NOT NULL,
    ItemName VARCHAR(45) NOT NULL,
    ItemPrice REAL NOT NULL,
    Amount INT NOT NULL,
    OpenTime DATETIME NOT NULL,
    DrugStatus VARCHAR(45) NOT NULL,
    PRIMARY KEY (ID)
);

INSERT INTO CHARGEINFO(id, regId, patientName, itemName, itemPrice, amount, opentime, drugstatus) values (1, 1, '李白','感冒药',15, 1, '2020-07-19 13:28','已开立');
INSERT INTO CHARGEINFO(id, regId, patientName, itemName, itemPrice, amount, opentime, drugstatus) values (2, 1, '李白','发烧药',20, 2, '2020-07-19 13:28', '已开立');

-- 检查检验处置信息
CREATE TABLE CheckInfo (
	ID BIGINT NOT NULL AUTO_INCREMENT,
    PatientID INT NOT NULL,
    RegID INT NOT NULL,
    ItemID INT NOT NULL,
    ItemName VARCHAR(45) NOT NULL,
    Goal VARCHAR(45),
    CheckPart VARCHAR(45),
    Amount INT NOT NULL,
    OpenTime DATETIME NOT NULL,
    DoctorID INT NOT NULL,
    CheckID INT NOT NULL,
    CheckType INT NOT NULL,
    PRIMARY KEY (ID)
);
INSERT INTO CheckInfo (ID, PatientID, RegID, ItemID, ItemName, Goal, CheckPart, Amount, OpenTime, DoctorID, CheckID, CheckType) VALUES
('11','7','26','26','模板：小儿感冒','','','1','2019-03-26 09:55:12','1','2','2'),
('12','8','27','27','模板：骨外伤','','全身','1','2019-03-26 09:55:12','1','2','2'),
('13','8','27','27','模板：骨外伤','','胃部','1','2019-03-26 09:55:12','1','2','2'),
('14','9','29','29','q','q','q','1','2019-03-26 09:55:12','1','2','2');


-- 新建常数项表，不允许出现空值
CREATE TABLE ConstantItem (
	ID BIGINT NOT NULL AUTO_INCREMENT,
    ConstantTypeID INT NOT NULL,
    ConstantCode VARCHAR(45) NOT NULL,
    ConstantName VARCHAR(45) NOT NULL,
    isDelete INT NOT NULL,
    PRIMARY KEY (ID)
);
INSERT INTO ConstantItem (ID, ConstantTypeID, ConstantCode, ConstantName, isDelete) VALUES
('1','1','NK','内科','1'),
('2','1','WK','外科','1'),
('3','1','EK','儿科','1'),
('4','1','CRBK','传染病科','1'),
('5','1','FCK','妇产科','1'),
('6','1','NK','男科','1'),
('7','1','JSXLK','精神心理科','1'),
('8','1','PFXBK','皮肤性病科','1'),
('9','1','ZYK','中医科','1'),
('10','1','ZLK','肿瘤科','1'),
('11','1','GK','骨科','1'),
('12','1','WGK','五官科','1'),
('13','1','KFYXK','康复医学科','1'),
('14','1','MZYXK','麻醉医学科','1'),
('15','1','YYK','营养科','1'),
('16','1','YJK','医技科','1'),
('17','1','YXYXX','医学影像学','1'),
('18','1','QTKS','其他科室','1'),
('19','2','XJ','现金','1'),
('20','2','YBK','医保卡','1'),
('21','2','YHK','银行卡','1'),
('22','2','XYK','信用卡','1'),
('23','2','WX','微信','1'),
('24','2','ZFB','支付宝','1'),
('25','2','YSF','云闪付','1'),
('26','2','QT','其它','1'),
('27','3','NAN','男','1'),
('28','3','NV','女','1'),
('29','4','ZRYS','主任医师','1'),
('30','4','FZRYS','副主任医师','1'),
('31','4','ZZYS','主治医师','1'),
('32','4','ZYYS','住院医师','1'),
('33','5','XY','西药','1'),
('34','5','ZCY','中成药','1'),
('35','5','ZCY','中草药','1'),
('36','6','ZJ','针剂','1'),
('37','6','PJ','片剂','1'),
('38','6','ZYYP','中药饮片','1'),
('39','6','SJ','散剂','1'),
('40','6','JN','胶囊','1'),
('41','6','KLJ','颗粒剂','1'),
('42','6','FJ','粉剂','1'),
('43','6','BMP','簿膜片','1'),
('44','6','RJ','乳剂','1'),
('45','6','YJ','液剂','1'),
('46','6','NJ','凝胶','1'),
('47','6','RGJ','软膏剂','1'),
('48','6','QWJ','气雾剂','1'),
('49','6','FSP','分散片','1'),
('50','6','YPQX','药品器械','1'),
('51','6','SJ','栓剂','1'),
('52','6','NFSJ','内服水剂','1'),
('53','6','PJ','喷剂','1'),
('54','6','JJ','胶剂','1'),
('55','6','TJ','酊剂','1'),
('56','6','DJ','滴剂','1'),
('57','6','HSP','缓释片','1'),
('58','6','YGZJ','眼膏制剂','1'),
('59','6','CRP','肠溶片','1'),
('60','6','SJ','霜剂','1'),
('61','6','DEJ','滴耳剂','1'),
('62','6','HXJ','混悬剂','1'),
('63','6','HSJN','缓释胶囊','1'),
('64','6','NJJN','凝胶胶囊','1'),
('65','6','CJ','擦剂','1'),
('66','6','HP','含片','1'),
('67','6','GHJ','干混剂','1'),
('68','6','XJ','洗剂','1'),
('69','6','BPJ','鼻喷剂','1'),
('70','6','MJ','膜剂','1'),
('71','6','TG','贴膏','1'),
('72','6','TJ','贴剂','1'),
('73','6','HJ','合剂','1'),
('74','6','SJ','湿巾','1'),
('75','6','KPJ','口喷剂','1'),
('76','6','DSY','大输液','1'),
('77','6','YPCL','药品材料','1'),
('78','6','KSP','控释片','1'),
('79','6','DBJ','滴鼻剂','1'),
('80','6','DW','滴丸','1'),
('81','6','GTJJ','干糖浆剂','1'),
('82','6','WHXRJ','雾化吸入剂','1'),
('83','6','YLY','原料药','1'),
('84','6','TJJ','糖浆剂','1'),
('85','6','RJN','软胶囊','1'),
('86','6','DYJ','滴眼剂','1'),
('87','6','DGFZ','冻干粉针','1'),
('88','6','CJ','冲剂','1'),
('89','6','WJ','丸剂','1'),
('90','6','KFYL','口服液类','1');


-- 新建常数类别表，不允许出现空值
CREATE TABLE ConstantType (
	ID BIGINT NOT NULL AUTO_INCREMENT,
    ConstantTypeCode VARCHAR(45) NOT NULL,
    ConstantTypeName VARCHAR(45) NOT NULL,
    isDelete INT NOT NULL,
    PRIMARY KEY (ID)
);
INSERT INTO ConstantType (ID, ConstantTypeCode, ConstantTypeName, isDelete) VALUES
('1','DeptCategory','科室分类','1'),
('2','FeeType','收费方式','1'),
('3','Gender','性别类型','1'),
('4','DocTitle','医生职称','1'),
('5','Drugs_Type','药品类型','1'),
('6','Drugs_Dosage','药品剂型','1');


-- 新建科室表，不允许出现空值
CREATE TABLE Department (
	ID BIGINT NOT NULL AUTO_INCREMENT,
    DeptCode VARCHAR(45) NOT NULL,
    DeptName VARCHAR(45) NOT NULL,
    DeptCategoryID INT NOT NULL,
    DeptType INT NOT NULL,
    isDelete INT NOT NULL,
    PRIMARY KEY (ID)
);

INSERT INTO Department (ID, DeptCode, DeptName, DeptCategoryID, DeptType, isDelete) VALUES
('1','XXGNK','心血管内科','1','1','1'),
('2','SJNK','神经内科','1','1','1'),
('3','PTNK','普通内科','1','1','1'),
('4','XHNK','消化内科','1','1','1'),
('5','HXNK','呼吸内科','1','1','1'),
('6','NFMK','内分泌科','1','1','1'),
('7','SBNK','肾病内科','1','1','1'),
('8','XYNK','血液内科','1','1','1'),
('9','GRNK','感染内科','1','1','1'),
('10','LNBNK','老年病内科','1','1','1'),
('11','FSMYNK','风湿免疫内科','1','1','1'),
('12','TXK','透析科','1','1','1'),
('13','BTFYK','变态反应科','1','1','1'),
('14','PTWK','普通外科','2','1','1'),
('15','MNWK','泌尿外科','2','1','1'),
('16','SJWK','神经外科','2','1','1'),
('17','XWK','胸外科','2','1','1'),
('18','ZXWK','整形外科','2','1','1'),
('19','GCWK','肛肠外科','2','1','1'),
('20','GDWK','肝胆外科','2','1','1'),
('21','RXWK','乳腺外科','2','1','1'),
('22','XXGWK','心血管外科','2','1','1'),
('23','XZWK','心脏外科','2','1','1'),
('24','QGYZ','器官移植','2','1','1'),
('25','WCWK','微创外科','2','1','1'),
('26','GNSJWK','功能神经外科','2','1','1'),
('27','XTWK','腺体外科','2','1','1'),
('28','EKZH','儿科综合','3','1','1'),
('29','XEWK','小儿外科','3','1','1'),
('30','ETBJK','儿童保健科','3','1','1'),
('31','XSEK','新生儿科','3','1','1'),
('32','XEGK','小儿骨科','3','1','1'),
('33','XESJNK','小儿神经内科','3','1','1'),
('34','XEHXK','小儿呼吸科','3','1','1'),
('35','XEXYK','小儿血液科','3','1','1'),
('36','XEEBHK','小儿耳鼻喉科','3','1','1'),
('37','XEXNK','小儿心内科','3','1','1'),
('38','XEKFK','小儿康复科','3','1','1'),
('39','XEJSK','小儿精神科','3','1','1'),
('40','XESNK','小儿肾内科','3','1','1'),
('41','XEXHK','小儿消化科','3','1','1'),
('42','XEPFK','小儿皮肤科','3','1','1'),
('43','XEJZK','小儿急诊科','3','1','1'),
('44','XENFMK','小儿内分泌科','3','1','1'),
('45','XEMNWK','小儿泌尿外科','3','1','1'),
('46','XEGRK','小儿感染科','3','1','1'),
('47','XEXWK01','小儿心外科','3','1','1'),
('48','XEXWK02','小儿胸外科','3','1','1'),
('49','XESJWK','小儿神经外科','3','1','1'),
('50','XEZXK','小儿整形科','3','1','1'),
('51','XEFSMYK','小儿风湿免疫科','3','1','1'),
('52','XEFK','小儿妇科','3','1','1'),
('53','CRK','传染科','4','1','1'),
('54','GBK','肝病科','4','1','1'),
('55','AZBK','艾滋病科','4','1','1'),
('56','CRWZS','传染危重室','4','1','1'),
('57','FCKZH','妇产科综合','5','1','1'),
('58','FK','妇科','5','1','1'),
('59','CK','产科','5','1','1'),
('60','JHSYK','计划生育科','5','1','1'),
('61','FKNFM','妇科内分泌','5','1','1'),
('62','YCZYK','遗传咨询科','5','1','1'),
('63','CQJCK','产前检查科','5','1','1'),
('64','FMNK','妇泌尿科','5','1','1'),
('65','QLX','前列腺','6','1','1'),
('66','XGNZA','性功能障碍','6','1','1'),
('67','SZQGR','生殖器感染','6','1','1'),
('68','NXBY','男性不育','6','1','1'),
('69','SZZX','生殖整形','6','1','1'),
('70','JSK','精神科','7','1','1'),
('71','SFJDK','司法鉴定科','7','1','1'),
('72','YWYLK','药物依赖科','7','1','1'),
('73','ZYJSK','中医精神科','7','1','1'),
('74','SXZAK','双相障碍科','7','1','1'),
('75','PFK','皮肤科','8','1','1'),
('76','XBK','性病科','8','1','1'),
('77','ZYZHK','中医综合科','9','1','1'),
('78','ZJK','针灸科','9','1','1'),
('79','ZYGK','中医骨科','9','1','1'),
('80','ZYFCK','中医妇产科','9','1','1'),
('81','ZYWK','中医外科','9','1','1'),
('82','ZYEK','中医儿科','9','1','1'),
('83','ZYGCK','中医肛肠科','9','1','1'),
('84','ZYPFK','中医皮肤科','9','1','1'),
('85','ZYWGK','中医五官科','9','1','1'),
('86','ZYAMK','中医按摩科','9','1','1'),
('87','ZYXHK','中医消化科','9','1','1'),
('88','ZYZLK','中医肿瘤科','9','1','1'),
('89','ZYXNK','中医心内科','9','1','1'),
('90','ZYSJNK','中医神经内科','9','1','1'),
('91','ZYSBNK','中医肾病内科','9','1','1'),
('92','ZYNFM','中医内分泌','9','1','1'),
('93','ZYHXK','中医呼吸科','9','1','1'),
('94','ZYGBK','中医肝病科','9','1','1'),
('95','ZYNK','中医男科','9','1','1'),
('96','ZYFSMYNK','中医风湿免疫内科','9','1','1'),
('97','ZYXYK','中医血液科','9','1','1'),
('98','ZYRXWK','中医乳腺外科','9','1','1'),
('99','ZYLNBK','中医老年病科','9','1','1'),
('100','ZLZHK','肿瘤综合科','10','1','1'),
('101','ZLNK','肿瘤内科','10','1','1'),
('102','FLK','放疗科','10','1','1'),
('103','ZLWK','肿瘤外科','10','1','1'),
('104','ZLFK','肿瘤妇科','10','1','1'),
('105','GZLK','骨肿瘤科','10','1','1'),
('106','ZLKFK','肿瘤康复科','10','1','1'),
('107','GWK','骨外科','11','1','1'),
('108','SWK','手外科','11','1','1'),
('109','CSGK','创伤骨科','11','1','1'),
('110','JZWK','脊柱外科','11','1','1'),
('111','GGJK','骨关节科','11','1','1'),
('113','JXGK','矫形骨科','11','1','1'),
('114','EBYHTJK','耳鼻咽喉头颈科','12','1','1'),
('115','KQK','口腔科','12','1','1'),
('116','YK','眼科','12','1','1'),
('117','KFK','康复科','13','2','1'),
('118','LLK','理疗科','13','2','1'),
('119','MZK','麻醉科','14','2','1'),
('120','TTK','疼痛科','14','2','1'),
('121','YYK','营养科','15','2','1'),
('122','GYYK','高压氧科','16','2','1'),
('123','GNJCK','功能检查科','16','2','1'),
('124','BLK','病理科','16','2','1'),
('125','JYK','检验科','16','2','1'),
('126','SYZX','实验中心','16','2','1'),
('127','XDTK','心电图科','16','2','1'),
('128','FSK','放射科','17','2','1'),
('129','CSZDK','超声诊断科','17','2','1'),
('130','YXYXK','医学影像科','17','2','1'),
('131','HYK','核医学科','17','2','1'),
('132','YJK','药剂科','18','2','1'),
('133','HLK','护理科','18','2','1'),
('134','TJK','体检科','18','2','1'),
('135','JZK','急诊科','18','2','1'),
('136','GGWSYYFK','公共卫生与预防科','18','2','1'),
('137','SBK','设备科','18','4','1'),
('138','CWK','财务科','18','3','1');

-- 患者诊断
CREATE TABLE Diagnose (
	ID BIGINT NOT NULL AUTO_INCREMENT,
    RegID INT NOT NULL,
    DiseaseName VARCHAR(45) NOT NULL,
    PRIMARY KEY (ID)
);

-- 新建疾病表，不允许出现空值
CREATE TABLE Disease (
	ID BIGINT NOT NULL AUTO_INCREMENT,
    DiseaseCode VARCHAR(45) NOT NULL,
    DiseaseName VARCHAR(45) NOT NULL,
    DiseaseICD VARCHAR(45) NOT NULL,
    DiseaseCategoryID INT NOT NULL,
    isDelete INT NOT NULL,
    PRIMARY KEY (ID)
);
INSERT INTO Disease (ID, DiseaseCode, DiseaseName, DiseaseICD, DiseaseCategoryID, isDelete) VALUES
('1','GDXHL','古典型霍乱','A00.051','140','1'),
('2','ZXDXHL','中型[典型]霍乱','A00.052','140','1'),
('3','ZXBFXHGXHL','重型[暴发型或干性]霍乱','A00.053','140','1'),
('4','QXFDXHL','轻型[非典型]霍乱','A00.151','140','1'),
('5','AETHL','埃尔托霍乱','A00.152','140','1'),
('6','AETXCY','埃尔托小肠炎','A00.153','33','1'),
('7','HL','霍乱 NOS','A00.901','140','1'),
('8','SH','伤寒','A01.001','306','1'),
('9','SHGJXBXZ','伤寒杆菌性败血症','A01.002','306','1'),
('10','SHXNMY','伤寒性脑膜炎','A01.003+','232','1'),
('11','SHFY','伤寒肺炎','A01.051+','81','1'),
('12','SHFMY','伤寒腹膜炎','A01.052','306','1'),
('13','ABTSBSH','埃贝特Eberth`s氏病(伤寒)','A01.053','306','1'),
('14','CCXXSH','肠出血性伤寒','A01.054','306','1'),
('15','SHXCCK','伤寒性肠穿孔','A01.055','306','1'),
('16','CSH','肠伤寒','A01.056','306','1'),
('17','SHYXCY','伤寒样小肠炎','A01.057','33','1'),
('18','JXFSH','甲型副伤寒','A01.101','306','1'),
('19','YXFSH','乙型副伤寒','A01.201','306','1'),
('20','BXFSH','丙型副伤寒','A01.301','306','1'),
('21','FSH','副伤寒','A01.401','306','1'),
('22','QSMSJCY','Ｂ群沙门氏菌肠炎','A02.001','33','1'),
('23','QSMSJCY','Ｃ群沙门氏菌肠炎','A02.002','33','1'),
('24','AGLSMSJCY','阿哥拉沙门氏菌肠炎','A02.003','33','1'),
('25','SMSJXCY','沙门氏菌性肠炎','A02.004','33','1'),
('26','SMSJLDXQXCY','沙门氏菌伦敦血清型肠炎','A02.005','33','1'),
('27','SMSJWCY','沙门氏菌胃肠炎','A02.006','33','1'),
('28','SSHSMSJXCY','鼠伤寒沙门氏菌性肠炎','A02.007','33','1'),
('29','YESMSJCY','婴儿沙门氏菌肠炎','A02.008','33','1'),
('30','SMSJCDGR','沙门氏菌肠道感染','A02.051','31','1'),
('31','SMSJYLSNXCY','沙门氏菌(亚利桑那)小肠炎','A02.052','33','1'),
('32','SMSJBXZ','沙门氏菌败血症','A02.101','9','1'),
('33','SMSJSSHBYBXZ','沙门氏菌鼠伤寒伴有败血症','A02.102','306','1'),
('34','SMSJXFY','沙门氏菌性肺炎','A02.201+','81','1'),
('35','SMSJXGJY','沙门氏菌性关节炎','A02.202+','123','1'),
('36','SMSJXNMY','沙门氏菌性脑膜炎','A02.203+','232','1'),
('37','SMSJXGSY','沙门氏菌性骨髓炎','A02.251+','114','1'),
('38','SMSJXSXGJZB','沙门氏菌性肾小管-间质病','A02.252+','161','1'),
('39','QTTZDSMSJGR','其他特指的沙门氏菌感染','A02.851','95','1'),
('40','SMSJGR','沙门氏菌感染 NOS','A02.901','95','1'),
('41','SSHSMSJGR','鼠伤寒沙门氏菌感染','A02.902','306','1'),
('42','SMSJSSWZD','沙门氏菌属食物中毒','A02.903','324','1'),
('43','SMSZHJLJ','什密氏志贺菌痢疾','A03.001','200','1'),
('44','ZHKLZLJYQZHJB','志贺-克鲁泽痢疾[A亚群志贺菌病]','A03.051','200','1'),
('45','SMCSDCLJ','施米茨(－施蒂策)痢疾','A03.052','200','1'),
('46','FSZHJLJ','弗氏志贺菌痢疾','A03.101','200','1'),
('47','XSLSXJXLJ','希斯－罗素细菌性痢疾','A03.151','380','1'),
('48','BSZHJLJ','鲍氏志贺菌痢疾','A03.201','200','1'),
('49','BYDXJXLJ','波伊德细菌性痢疾','A03.251','380','1'),
('50','SNSZHJLJ','宋内氏志贺菌痢疾','A03.301','200','1'),
('51','BDXZHJLJ','不定型志贺菌痢疾','A03.801','200','1'),
('52','JLHHGR','菌痢混合感染','A03.802','95','1'),
('53','QTZHJLJ','其他志贺菌痢疾','A03.851','200','1'),
('54','XJXLJ','细菌性痢疾 NOS','A03.901','380','1'),
('55','MXXJXLJJXFZ','慢性细菌性痢疾急性发作','A03.902','380','1'),
('56','MXQYXXJXLJ','慢性迁延型细菌性痢疾','A03.903','380','1'),
('57','MXYFXJL','慢性隐伏型菌痢','A03.904','278','1'),
('58','ZDXBFXLJ','中毒性[暴发型]痢疾','A03.905','200','1'),
('59','XJXJCY','细菌性结肠炎','A03.951','33','1'),
('60','XJXGJYLJ','细菌性关节炎痢疾','A03.952+','123','1'),
('61','XSECBYXDCAXSJCY','新生儿肠病原性大肠埃希氏菌肠炎','A04.001','33','1'),
('62','CBYXDCAXSJCY','肠病原性大肠埃希氏菌肠炎','A04.002','33','1'),
('63','CDYBXDCAXSJGR','肠道原病性大肠埃希氏菌感染','A04.051','31','1'),
('64','CDXDCAXSJCY','肠毒性大肠埃希氏菌肠炎','A04.101','33','1'),
('65','XSECDXDCAXSJCY','新生儿肠毒性大肠埃希氏菌肠炎','A04.102','33','1'),
('66','CDXDCAXSJGR','肠毒性大肠埃希氏菌感染','A04.151','95','1'),
('67','QXXDCAXSJCY','侵袭性大肠埃希氏菌肠炎','A04.201','33','1'),
('68','XSEQXXDCGJCY','新生儿侵袭性大肠杆菌肠炎','A04.202','33','1'),
('69','CXXDCAXSJCY','出血性大肠埃希氏菌肠炎','A04.301','33','1'),
('70','XSECXXDCGJCY','新生儿出血性大肠杆菌肠炎','A04.302','33','1'),
('71','DCAXSGJXCDGR','大肠埃希氏杆菌性肠道感染','A04.401','31','1'),
('72','XSEDCGJCY','新生儿大肠杆菌肠炎','A04.402','33','1'),
('73','XSENFXDCGJCY','新生儿粘附性大肠杆菌肠炎','A04.403','33','1'),
('74','NFXDCGJCY','粘附性大肠杆菌肠炎','A04.404','33','1'),
('75','WQGJCY','弯曲杆菌肠炎','A04.501','33','1'),
('76','YESSJCYBXB','耶尔森氏菌肠炎[冰箱病]','A04.601','33','1'),
('77','NBSZYBGJCY','难辨梭状芽胞杆菌肠炎','A04.701','33','1'),
('78','NBSZYBGJXXCJCY','难辨梭状芽胞杆菌性小肠结肠炎','A04.751','33','1'),
('79','BLDBJCY','吡邻单胞菌肠炎','A04.801','33','1'),
('80','BXGJXCY','变形杆菌性肠炎','A04.802','33','1'),
('81','CQGJCY','产气杆菌肠炎','A04.803','33','1'),
('82','CDYYJGR','肠道厌氧菌感染','A04.804','31','1'),
('83','FHL','副霍乱','A04.805','140','1'),
('84','FRXGJCY','副溶血孤菌肠炎','A04.806','33','1'),
('85','JHSPTQJXCY','金黄色葡萄球菌性肠炎','A04.807','33','1'),
('86','LNGJXCY','绿脓杆菌性肠炎','A04.808','33','1'),
('87','NBYBGJCY','难辨芽胞杆菌肠炎','A04.809','33','1'),
('88','SSQDBJCY','嗜水气单胞菌肠炎','A04.810','33','1'),
('89','CQJMSZYBGJCQJMGJCY','产气荚膜梭状芽胞杆菌(产气荚膜杆菌)肠炎','A04.851','33','1'),
('90','CDGR','肠道感染','A04.901','31','1'),
('91','XJXCY','细菌性肠炎 NOS','A04.902','33','1'),
('92','GRXFX','感染性腹泻','A04.903','95','1'),
('93','PTQJXSWZD','葡萄球菌性食物中毒','A05.001','324','1'),
('94','RDZD','肉毒中毒','A05.101','471','1'),
('95','RDSZYBGJXSWZD','肉毒梭状芽胞杆菌性食物中毒','A05.151','324','1'),
('96','CXXHSXCY','出血性坏死性肠炎','A05.201','33','1'),
('97','JXHSXCY','急性坏死性肠炎','A05.202','33','1'),
('98','JXCXXHSXCY','急性出血性坏死性肠炎','A05.203','33','1'),
('99','HSXCY','坏死性肠炎','A05.251','33','1'),
('100','CQJMSZYBGJWEXSZYBGJX','产气夹膜梭状芽胞杆菌[韦尔希梭状芽胞杆菌]性食物中毒','A05.252','324','1');



-- 新建疾病分类表，不允许出现空值
CREATE TABLE DiseCategory (
	ID BIGINT NOT NULL AUTO_INCREMENT,
    DicaCode VARCHAR(45) NOT NULL,
    DicaName VARCHAR(45) NOT NULL,
    DicaType INT NOT NULL,
    isDelete INT NOT NULL,
    PRIMARY KEY (ID)
);
INSERT INTO DiseCategory (ID, DicaCode, DicaName, DicaType, isDelete) VALUES
('1','AMBB','阿米巴病','1','1'),
('2','AZ','癌症','1','1'),
('3','BBB','白斑病','1','1'),
('4','BNZ','白内障','1','1'),
('5','BXB','白血病','1','1'),
('6','BXZ','白血症','1','1'),
('7','BRK','百日咳','1','1'),
('8','BXB','败血病','1','1'),
('9','BXZ','败血症','1','1'),
('10','BZR','斑疹热','1','1'),
('11','ZH','瘢痕','1','1'),
('12','BYBJB','半月板疾病','1','1'),
('13','BPJB','包皮疾病','1','1'),
('14','ZZJB','孢子菌病','1','1'),
('15','ZMJB','贲门疾病','1','1'),
('16','BBJB','鼻部疾病','1','1'),
('17','BTTJB','扁桃体疾病','1','1'),
('18','BTTY','扁桃体炎','1','1'),
('19','BGJB','髌骨疾病','1','1'),
('20','BDB','病毒病','1','1'),
('21','BLTJB','玻璃体疾病','1','1'),
('22','BLTY','玻璃体炎','1','1'),
('23','BLXXW','不良性行为','1','1'),
('24','BYZ','不育症','1','1'),
('25','CHJB','产后疾病','1','1'),
('26','CKJB','产科疾病','1','1'),
('27','CQJC','产前检查','1','1'),
('28','CS','产伤','1','1'),
('29','CSYQDJB','产伤引起的疾病','1','1'),
('30','CDCRB','肠道传染病','1','1'),
('31','CDJB','肠道疾病','1','1'),
('32','CGZ','肠梗阻','1','1'),
('33','CY','肠炎','1','1'),
('34','CD','痴呆','1','1'),
('35','CCJB','齿槽疾病','1','1'),
('36','CB','虫病','1','1'),
('37','CDZ','抽动症','1','1'),
('38','CX','出血','1','1'),
('39','CXR','出血热','1','1'),
('40','CYW','除异物','1','1'),
('41','CDZ','搐动症','1','1'),
('42','CZZ','搐搦症','1','1'),
('43','C','疮','1','1'),
('44','CSXJB','创伤性疾病','1','1'),
('45','CTJB','垂体疾病','1','1'),
('46','CL','唇裂','1','1'),
('47','CXXJSQFZ','促性腺激素缺乏症','1','1'),
('48','ZC','痤疮','1','1'),
('49','CS','挫伤','1','1'),
('50','DCJB','大肠疾病','1','1'),
('51','DXB','呆小病','1','1'),
('52','DXWL','代谢紊乱','1','1'),
('53','DNJB','胆囊疾病','1','1'),
('54','DBN','蛋白尿','1','1'),
('55','DJ','倒睫','1','1'),
('56','DXT','低血糖','1','1'),
('57','ZZ','癫痫','1','1'),
('58','DMBS','动脉闭塞','1','1'),
('59','DMGXBZ','动脉供血不足','1','1'),
('60','DMHL','动脉回流','1','1'),
('61','DMKZ','动脉扩张','1','1'),
('62','DML','动脉瘤','1','1'),
('63','DMYH','动脉硬化','1','1'),
('64','DS','冻伤','1','1'),
('65','DB','痘病','1','1'),
('66','DDZ','多动症','1','1'),
('67','DTB','多糖病','1','1'),
('68','EX','恶心','1','1'),
('69','ZL','腭裂','1','1'),
('70','EBJB','耳部疾病','1','1'),
('71','EL','耳聋','1','1'),
('72','EJBJB','二尖瓣疾病','1','1'),
('73','FR','发热','1','1'),
('74','FYBL','发育不良','1','1'),
('75','FYJB','发育疾病','1','1'),
('76','FSCD','房室传导','1','1'),
('77','FP','肥胖','1','1'),
('78','ZGJB','腓骨疾病','1','1'),
('79','FB','肺病','1','1'),
('80','FDMJB','肺动脉疾病','1','1'),
('81','FY','肺炎','1','1'),
('82','FM','分娩','1','1'),
('83','FWZY','蜂窝织炎','1','1'),
('84','FWZZY','蜂窝组织炎','1','1'),
('85','FSS','腐蚀伤','1','1'),
('86','FKJB','妇科疾病','1','1'),
('87','FZJB','附睾疾病','1','1'),
('88','FZY','附睾炎','1','1'),
('89','FMJB','腹膜疾病','1','1'),
('90','FMY','腹膜炎','1','1'),
('91','FX','腹泻','1','1'),
('92','GBJB','肝部疾病','1','1'),
('93','GY','肝炎','1','1'),
('94','GM','感冒','1','1'),
('95','GR','感染','1','1'),
('96','GMJB','肛门疾病','1','1'),
('97','GZJB','肛周疾病','1','1'),
('98','GXT','高血糖','1','1'),
('99','GXY','高血压','1','1'),
('100','GZXZ','高脂血症','1','1'),
('101','ZWJB','睾丸疾病','1','1'),
('102','GJJB','宫颈疾病','1','1'),
('103','GJY','宫颈炎','1','1'),
('104','GMY','巩膜炎','1','1'),
('105','ZZB','佝偻病','1','1'),
('106','GC','骨刺','1','1'),
('107','GHY','骨骺炎','1','1'),
('108','GHS','骨坏死','1','1'),
('109','GHZZJC','骨活组织检查','1','1'),
('110','GMY','骨膜炎','1','1'),
('111','GQK','骨切开','1','1'),
('112','GRH','骨软化','1','1'),
('113','GSJB','骨髓疾病','1','1'),
('114','GSY','骨髓炎','1','1'),
('115','GY','骨炎','1','1'),
('116','GZ','骨折','1','1'),
('117','GZSS','骨质疏松','1','1'),
('118','GZZS','骨质增生','1','1'),
('119','GZXDQQX','骨纵形短缺缺陷','1','1'),
('120','GMJB','鼓膜疾病','1','1'),
('121','GMY','鼓膜炎','1','1'),
('122','GSY','鼓室炎','1','1'),
('123','GJJB','关节疾病','1','1'),
('124','GJY','关节炎','1','1'),
('125','GZDMJB','冠状动脉疾病','1','1'),
('126','GTY','龟头炎','1','1'),
('127','ZZY','颌窦炎','1','1'),
('128','ZGJB','颌骨疾病','1','1'),
('129','ZXXJB','颌下腺疾病','1','1'),
('130','H(SS)L','黑(色素)瘤','1','1'),
('131','HSSL','黑色素瘤','1','1'),
('132','HMJB','虹膜疾病','1','1'),
('133','HBJB','喉部疾病','1','1'),
('134','HMY','滑膜炎','1','1'),
('135','HNY','滑囊炎','1','1'),
('136','HBJB','踝部疾病','1','1'),
('137','HZ','黄疸','1','1'),
('138','HC','蛔虫','1','1'),
('139','HM','昏迷','1','1'),
('140','HL','霍乱','1','1'),
('141','JDL','肌断裂','1','1'),
('142','JZJB','肌腱疾病','1','1'),
('143','JLS','肌挛缩','1','1'),
('144','JRWS','肌肉萎缩','1','1'),
('145','JWL','肌无力','1','1'),
('146','JY','肌炎','1','1'),
('147','JZLZA','肌张力障碍','1','1'),
('148','JX','畸形','1','1'),
('149','JBLF','疾病疗法','1','1'),
('150','JYS','挤压伤','1','1'),
('151','JSHZY','脊髓灰质炎','1','1'),
('152','JSJB','脊髓疾病','1','1'),
('153','JSY','脊髓炎','1','1'),
('154','JZJB','脊柱疾病','1','1'),
('155','JZY','脊柱炎','1','1'),
('156','JSCB','寄生虫病','1','1'),
('157','JGY','甲沟炎','1','1'),
('158','JZPXJB','甲状旁腺疾病','1','1'),
('159','JZXJB','甲状腺疾病','1','1'),
('160','JZAZ','假肢安装','1','1'),
('161','JZB','间质病','1','1'),
('162','ZQNZ','腱鞘囊肿','1','1'),
('163','ZQY','腱鞘炎','1','1'),
('164','JMY','浆膜炎','1','1'),
('165','JLZA','焦虑障碍','1','1'),
('166','JMJB','角膜疾病','1','1'),
('167','JMY','角膜炎','1','1'),
('168','JQ','脚气','1','1'),
('169','ZB','疖病','1','1'),
('170','JCJB','结肠疾病','1','1'),
('171','JH','结核','1','1'),
('172','JJB','结节病','1','1'),
('173','JMJB','结膜疾病','1','1'),
('174','JMY','结膜炎','1','1'),
('175','JT','截瘫','1','1'),
('176','JNJB','精囊疾病','1','1'),
('177','JSHXWZA','精神和行为障碍','1','1'),
('178','JDMJB','颈动脉疾病','1','1'),
('179','JL','痉挛','1','1'),
('180','JMGZ','静脉梗阻','1','1'),
('181','JMJB','静脉疾病','1','1'),
('182','JML','静脉瘤','1','1'),
('183','JMQZ','静脉曲张','1','1'),
('184','JMSS','静脉栓塞','1','1'),
('185','JMY','静脉炎','1','1'),
('186','JMZS','静脉阻塞','1','1'),
('187','JB','疽病','1','1'),
('188','JB','菌病','1','1'),
('189','JXB','菌血病','1','1'),
('190','KFXSK','开放性伤口','1','1'),
('191','KBJB','口部疾病','1','1'),
('192','KQY','口腔炎','1','1'),
('193','KY','口炎','1','1'),
('194','KQB','狂犬病','1','1'),
('195','KY','溃疡','1','1'),
('196','LWY','阑尾炎','1','1'),
('197','LS','劳损','1','1'),
('198','LNY','泪囊炎','1','1'),
('199','LXY','泪腺炎','1','1'),
('200','LJ','痢疾','1','1'),
('201','LS','裂伤','1','1'),
('202','LBGJB','淋巴管疾病','1','1'),
('203','LBGL','淋巴管瘤','1','1'),
('204','LBGY','淋巴管炎','1','1'),
('205','LBJB','淋巴疾病','1','1'),
('206','LBJB','淋巴结病','1','1'),
('207','LBJY','淋巴结炎','1','1'),
('208','LBL','淋巴瘤','1','1'),
('209','LB','淋病','1','1'),
('210','LC','流产','1','1'),
('211','LG','流感','1','1'),
('212','ZB','瘘病','1','1'),
('213','LNJB','颅内疾病','1','1'),
('214','LNSS','颅内损伤','1','1'),
('215','LSJB','鲁氏菌病','1','1'),
('216','LXTB','螺旋体病','1','1'),
('217','MB','麻痹','1','1'),
('218','MFB','麻风病','1','1'),
('219','MZ','麻疹','1','1'),
('220','MGY','脉管炎','1','1'),
('221','MLMY','脉络膜炎','1','1'),
('222','MXCJSB','慢性查加斯病','1','1'),
('223','MCJB','盲肠疾病','1','1'),
('224','MNY','毛囊炎','1','1'),
('225','MD','梅毒','1','1'),
('226','MJB','霉菌病','1','1'),
('227','MJXJB','霉菌性疾病','1','1'),
('228','MYXJB','免疫性疾病','1','1'),
('229','MJZTY','膜睫状体炎','1','1'),
('230','NKJB','男科疾病','1','1'),
('231','NZ','囊肿','1','1'),
('232','NMY','脑膜炎','1','1'),
('233','NXGB','脑血管病','1','1'),
('234','NY','脑炎','1','1'),
('235','NFMXTJB','内分泌系统疾病','1','1'),
('236','NZJB','念珠菌病','1','1'),
('237','NDJB','尿道疾病','1','1'),
('238','NDY','尿道炎','1','1'),
('239','NDZ','尿毒症','1','1'),
('240','NSJ','尿失禁','1','1'),
('241','NXJB','凝血疾病','1','1'),
('242','NZ','脓疱','1','1'),
('243','NZ','脓肿','1','1'),
('244','NJ','疟疾','1','1'),
('245','PJS','帕金森','1','1'),
('246','BZJB','膀胱疾病','1','1'),
('247','BZY','膀胱炎','1','1'),
('248','ZZ','疱疹','1','1'),
('249','PQY','盆腔炎','1','1'),
('250','PFB','皮肤病','1','1'),
('251','PL','皮瘤','1','1'),
('252','PY','皮炎','1','1'),
('253','PB','脾病','1','1'),
('254','PT','偏瘫','1','1'),
('255','PX','贫血','1','1'),
('256','PXZA','品行障碍','1','1'),
('257','PSF','破伤风','1','1'),
('258','PTT','葡萄胎','1','1'),
('259','QTCLJB','其他肠类疾病','1','1'),
('260','QTDMJB','其他动脉疾病','1','1'),
('261','QTL','其他瘤','1','1'),
('262','QTYXJB','其他胰腺疾病','1','1'),
('263','QTZJB','其他章疾病','1','1'),
('264','QTFBJB','其它腹部疾病','1','1'),
('265','QTGJB','其它骨疾病','1','1'),
('266','QTHXJB','其它呼吸疾病','1','1'),
('267','QTJBJB','其它肌部疾病','1','1'),
('268','QTJB','其它疾病','1','1'),
('269','QTMNXTJB','其它泌尿系统疾病','1','1'),
('270','QTQGB','其它气管病','1','1'),
('271','QTRB','其它热病','1','1'),
('272','QTSBJB','其它舌部疾病','1','1'),
('273','QTTT','其它疼痛','1','1'),
('274','QTXBJB','其它胸部疾病','1','1'),
('275','QTXYJB','其它血液疾病','1','1'),
('276','QTYBJB','其它咽部疾病','1','1'),
('277','QTYZ','其它炎症','1','1'),
('278','QTZSWFGLD','其它暂时无法归类的','1','1'),
('279','QTZQGB','其它支气管病','1','1'),
('280','QTZBJB','其它足部疾病','1','1'),
('281','QDJB','脐带疾病','1','1'),
('282','QDJB','气道疾病','1','1'),
('283','QGY','气管炎','1','1'),
('284','QX','气胸','1','1'),
('285','QLXJB','前列腺疾病','1','1'),
('286','QLXY','前列腺炎','1','1'),
('287','QBSS','浅表损伤','1','1'),
('288','QHMQX','羟化酶缺陷','1','1'),
('289','QGZA','情感障碍','1','1'),
('290','QMB','曲霉病','1','1'),
('291','RSTJB','染色体疾病','1','1'),
('292','RGZA','人格障碍','1','1'),
('293','RSYQDJB','妊娠引起的疾病','1','1'),
('294','RL ','肉瘤 ','1','1'),
('295','RYZ','肉芽肿','1','1'),
('296','RCB','蠕虫病','1','1'),
('297','RTY','乳突炎','1','1'),
('298','RXJB','乳腺疾病','1','1'),
('299','RXY','乳腺炎','1','1'),
('300','RGB','软骨病','1','1'),
('301','RGL','软骨瘤','1','1'),
('302','SXY','腮腺炎','1','1'),
('303','SJBJB','三尖瓣疾病','1','1'),
('304','SS','晒伤','1','1'),
('305','ZB','疝病','1','1'),
('306','SH','伤寒','1','1'),
('307','SZJB','上肢疾病','1','1'),
('308','SZQTJB','上肢其它疾病','1','1'),
('309','SS','烧伤','1','1'),
('310','SY','舌炎','1','1'),
('311','SYS','蛇咬伤','1','1'),
('312','SCAX','身材矮小','1','1'),
('313','SJXTJB','神经系统疾病','1','1'),
('314','SB','肾病','1','1'),
('315','SY','肾炎','1','1'),
('316','SDJB','声带疾病','1','1'),
('317','SY','失语','1','1'),
('318','SB','虱病','1','1'),
('319','SZ','湿疣','1','1'),
('320','SZ','湿疹','1','1'),
('321','SEZCJB','十二指肠疾病','1','1'),
('322','SDJB','食道疾病','1','1'),
('323','SGJB','食管疾病','1','1'),
('324','SWZD','食物中毒','1','1'),
('325','SLJB','视力疾病','1','1'),
('326','SWMJB','视网膜疾病','1','1'),
('327','SWMY','视网膜炎','1','1'),
('328','SBJB','手部疾病','1','1'),
('329','SBQTJB','手部其它疾病','1','1'),
('330','SS','手术','1','1'),
('331','SJGJB','输精管疾病','1','1'),
('332','SLGJB','输卵管疾病','1','1'),
('333','SNGJB','输尿管疾病','1','1'),
('334','SNGY','输尿管炎','1','1'),
('335','SY','鼠疫','1','1'),
('336','SD','水痘','1','1'),
('337','SZ','水肿','1','1'),
('338','SMJB','睡眠疾病','1','1'),
('339','SZQTJB','四肢其它疾病','1','1'),
('340','SZ','粟疹','1','1'),
('341','SNZ','酸尿证','1','1'),
('342','SXZ','酸血症','1','1'),
('343','SS','损伤','1','1'),
('344','SGJB','锁骨疾病','1','1'),
('345','TH','瘫痪','1','1'),
('346','TJ','炭疽','1','1'),
('347','TSZHZ','唐氏综合征','1','1'),
('348','TNB','糖尿病','1','1'),
('349','TH','天花','1','1'),
('350','TDJB','听道疾病','1','1'),
('351','TGJB','听骨疾病','1','1'),
('352','TJSS','听觉丧失','1','1'),
('353','TLJB','听力疾病','1','1'),
('354','TKJB','瞳孔疾病','1','1'),
('355','TF','痛风','1','1'),
('356','TJ','痛经','1','1'),
('357','TBJB','头部疾病','1','1'),
('358','TT','头痛','1','1'),
('359','TLJB','土拉菌病','1','1'),
('360','TBJB','腿部疾病','1','1'),
('361','TYKN','吞咽困难','1','1'),
('362','TC','脱出','1','1'),
('363','TF','脱发','1','1'),
('364','TSQ','脱髓鞘','1','1'),
('365','TW','脱位','1','1'),
('366','WF','外翻','1','1'),
('367','WYJB','外阴疾病','1','1'),
('368','WYY','外阴炎','1','1'),
('369','WSSJB','维生素疾病','1','1'),
('370','WBJB','胃部疾病','1','1'),
('371','WY','胃炎','1','1'),
('372','XCB','吸虫病','1','1'),
('373','XSZA','吸收障碍','1','1'),
('374','XR','息肉','1','1'),
('375','XBJB','膝部疾病','1','1'),
('376','XBJB','细胞疾病','1','1'),
('377','XBL','细胞瘤','1','1'),
('378','XBZSZA','细胞再生障碍','1','1'),
('379','XBZDZ','细胞增多症','1','1'),
('380','XJXJB','细菌性疾病','1','1'),
('381','XZ','下疳','1','1'),
('382','XZQTJB','下肢其它疾病','1','1'),
('383','XTXJB','先天性疾病','1','1'),
('384','XWL','纤维瘤','1','1'),
('385','XTJB','腺体疾病','1','1'),
('386','XYTJB','腺样体疾病','1','1'),
('387','XHDJB','消化道疾病','1','1'),
('388','XHJB','消化疾病','1','1'),
('389','XCJB','小肠疾病','1','1'),
('390','XC','哮喘','1','1'),
('391','XS','斜视','1','1'),
('392','XBJB','心瓣疾病','1','1'),
('393','XBJB','心包疾病','1','1'),
('394','XBY','心包炎','1','1'),
('395','XDGH','心动过缓','1','1'),
('396','XDGS','心动过速','1','1'),
('397','XJB','心肌病','1','1'),
('398','XJT','心绞痛','1','1'),
('399','XJZA','心境障碍','1','1'),
('400','XLJB','心律疾病','1','1'),
('401','XNMY','心内膜炎','1','1'),
('402','X血GB','心血管病','1','1'),
('403','XZB','心脏病','1','1'),
('404','XZJB','心脏疾病','1','1'),
('405','XSEJB','新生儿疾病','1','1'),
('406','XGJB','胸骨疾病','1','1'),
('407','XMJB','胸膜疾病','1','1'),
('408','XMY','胸膜炎','1','1'),
('409','XXJB','胸腺疾病','1','1'),
('410','XK','休克','1','1'),
('411','XDZ','徐动症','1','1'),
('412','XY','眩晕','1','1'),
('413','XGJB','血管疾病','1','1'),
('414','XGL','血管瘤','1','1'),
('415','XGY','血管炎','1','1'),
('416','XHDBB','血红蛋白病','1','1'),
('417','XHDBN','血红蛋白尿','1','1'),
('418','XN','血尿','1','1'),
('419','XS','血栓','1','1'),
('420','XXBJB','血小板疾病','1','1'),
('421','XYB','血友病','1','1'),
('422','XZ','血肿','1','1'),
('423','ZMZ','荨麻疹','1','1'),
('424','XHXTJB','循环系统疾病','1','1'),
('425','YCJB','牙齿疾病','1','1'),
('426','YSJB','芽生菌病','1','1'),
('427','YSB','雅司病','1','1'),
('428','YXY','咽峡炎','1','1'),
('429','YY','咽炎','1','1'),
('430','YBJB','眼部疾病','1','1'),
('431','YS','咬伤','1','1'),
('432','YWFY','药物反应','1','1'),
('433','YWYQDJB','药物引起的疾病','1','1'),
('434','YLZA','依恋障碍','1','1'),
('435','YBJB','胰部疾病','1','1'),
('436','YDSJB','胰岛素疾病','1','1'),
('437','YXY','胰腺炎','1','1'),
('438','YZ','移植','1','1'),
('439','YCJB','遗传疾病','1','1'),
('440','YN','遗尿','1','1'),
('441','YNZ','遗尿症','1','1'),
('442','YY','抑郁','1','1'),
('443','YMYQDJB','疫苗引起的疾病','1','1'),
('444','ZB','癔病','1','1'),
('445','YNJB','阴囊疾病','1','1'),
('446','YC','引产','1','1'),
('447','YL','引流','1','1'),
('448','YYBL','营养不良','1','1'),
('449','YYGD','营养过度','1','1'),
('450','YQB','蝇蛆病','1','1'),
('451','YB','痈病','1','1'),
('452','YMJB','幽门疾病','1','1'),
('453','ZB','疣病','1','1'),
('454','YEJZ','幼儿急疹','1','1'),
('455','YCXJB','原虫性疾病','1','1'),
('456','YDB','晕动病','1','1'),
('457','YZ','晕厥','1','1'),
('458','YCFYL','孕产妇医疗','1','1'),
('459','ZS','早熟','1','1'),
('460','ZYS','造影术','1','1'),
('461','ZMB','粘膜斑','1','1'),
('462','ZYNY','粘液囊炎','1','1'),
('463','ZXS','照相术','1','1'),
('464','ZJXJB','真菌性疾病','1','1'),
('465','ZQGY','支气管炎','1','1'),
('466','ZTJB','肢体疾病','1','1'),
('467','ZFL','脂肪瘤','1','1'),
('468','ZCJB','直肠疾病','1','1'),
('469','Z','指','1','1'),
('470','Z','痣','1','1'),
('471','ZD','中毒','1','1'),
('472','ZYJB','中医疾病','2','1'),
('473','ZL','肿瘤','1','1'),
('474','ZZ','肿胀','1','1'),
('475','ZWMJB','蛛网膜疾病','1','1'),
('476','ZWMY','蛛网膜炎','1','1'),
('477','ZDMJB','主动脉疾病','1','1'),
('478','ZS','注射','1','1'),
('479','ZGJB','椎管疾病','1','1'),
('480','ZGXZ','椎管狭窄','1','1'),
('481','ZZ','紫癜','1','1'),
('482','ZS','自杀','1','1');

-- 药品目录表，允许生产厂家为空
CREATE TABLE Drugs (
	ID  BIGINT NOT NULL AUTO_INCREMENT,
    DrugsCode VARCHAR(45) NOT NULL,
    DrugsName VARCHAR(45) NOT NULL,
    DrugsFormat VARCHAR(45) NOT NULL,
    DrugsUnit VARCHAR(45) NOT NULL,
    Manufacturer VARCHAR(45),
    DrugsDosageID INT NOT NULL,
    DrugsTypeID INT NOT NULL,
    DrugsPrice REAL NOT NULL,
    MnemonicCode VARCHAR(45) NOT NULL,
    isDelete INT NOT NULL,
    PRIMARY KEY (ID)
);
INSERT INTO Drugs (ID, DrugsCode, DrugsName, DrugsFormat, DrugsUnit, Manufacturer, DrugsDosageID, DrugsTypeID, DrugsPrice, MnemonicCode, isDelete) VALUES 
(1,"86979474000208",'注射用甲氨喋呤','1g×1支',"支",'江苏恒瑞医药股份有限公司','36','33','15.73','ZSYJAZZ','1'),
('2','86979474000209',"氟康唑氯化钠注射液(大扶康)","200mg×100ml/瓶","瓶","辉瑞制药有限公司",'36','33','7.01',"FKZLHNZSY(DFK)",'1'),
('3','86979474000208','50%葡萄糖注射液(塑瓶)','10:20ml×1支',"支","中国大冢制药有限公司",'36','33','25.16',"PTTZSY(SP)",'1'),
('4','86979474000209',"盐酸特比萘芬泡腾片（丁克）","50mg×7片/盒","盒",'齐鲁制药有限公司','37','33','40.62','YSTBZFYDPTP（DK）','1'),
('5','86979474000208','红芪冲剂','10g/袋','袋','南京药业股份有限公司药材分公司','38','35','30.79','HZ','1'),
('6','86979474000208','盐酸氨酮戊酸散（外用）','118mg×1瓶','瓶','上海复旦张江生物医药股份有限公司','39','33','19.51','YSATWSS（WY）','1'),
('7','86979474000209','盐酸美金刚片(易贝申)','10mg×28片/盒','盒','丹麦灵北药厂','37','33','22.05','YSMJGP(YBS)','1'),
('8','86979474000208','磷酸奥司他韦胶囊(达菲)','75mg×10粒/盒','盒','上海罗氏制药有限公司S','40','33','60.96','LSASTWJN(DF)','1'),
('9','86979474000209','泽泻颗粒','1g/10g/袋','袋','江阴天江药业有限公司','41','34','0.09','ZXKL','1'),
('10','86979474000208','山药颗粒','0.5g/10g/袋','袋','','41','34','6.79','SYKL','1'),
('11','86979474000208','熟大黄颗粒','1g/6g/袋','袋','江阴天江药业有限公司','41','34','23.51','SDHKL','1'),
('12','86979474000209','黄连颗粒','0.5g/3g袋','袋','江阴天江药业有限公司','41','34','1.07','HLKL','1'),
('13','86979474000208','黄芩颗粒(酒)','2g/10g/袋','袋','江阴天江药业有限公司','41','34','81.74','HZKL(J)','1'),
('14','86979474000209','炒白芍颗粒','1g/10g/袋','袋','江阴天江药业有限公司','41','34','31.86','CBSKL','1'),
('15','86979474000208','炒白术颗粒','3g/10g/袋','袋','','41','34','41.5','CBSKL','1'),
('16','86979474000208','白芷颗粒','1g/6g/袋','袋','江阴天江药业有限公司','41','34','67.72','BZKL','1'),
('17','86979474000209','薤白颗粒','2.5g/10g袋','袋','江阴天江药业有限公司','41','34','17.95','ZBKL','1'),
('18','86979474000208','川芎颗粒','2g/6g/袋','袋','','41','34','0.7','CZKL','1'),
('19','86979474000209','维生素K1注射液','1ml:10mg×10支/盒','盒','芜湖康奇制药','36','33','10.39','WSSK1ZSY','1'),
('20','86979474000208','利培酮片（维思通）','1mg×20片/盒','盒','西安杨森制药有限公司','37','33','5.52','LPTP（WST）','1'),
('21','86979474000208','0.9%氯化钠注射液(塑瓶)','2.25g:250ml×1瓶','瓶','中国大冢制药有限公司','36','33','14.34','0.9%LHNZSY(SP)','1'),
('22','86979474000209','0.9%氯化钠注射液（百特）','500ml×1袋','瓶','上海百特医疗用品有限公司','36','33','46.91','0.9%LHNZSY（BT）','1'),
('23','86979474000208','0.9%氯化钠注射液(塑瓶)','0.9g:100ml×1瓶','瓶','中国大冢制药有限公司','36','33','6.34','0.9%LHNZSY(SP)','1'),
('24','86979474000209','10%葡萄糖注射液(塑瓶)','50g:500ml×1瓶','瓶','中国大冢制药有限公司','36','33','5.04','10%PTTZSY(SP)','1'),
('25','86979474000208','10%葡萄糖注射液(塑瓶)','25g:250ml×1瓶','袋','中国大冢制药有限公司','36','33','16.02','10%PTTZSY(SP)','1'),
('26','86979474000208','5%葡萄糖注射液(塑瓶)','25g:500ml×1瓶','瓶','中国大冢制药有限公司','36','33','47.78','5%PTTZSY(SP)','1'),
('27','86979474000209','5%葡萄糖注射液(塑瓶)','12.5g:250ml×1瓶','瓶','中国大冢制药有限公司','36','33','45.62','5%PTTZSY(SP)','1'),
('28','86979474000208','5%葡萄糖注射液(塑瓶)','5g:100ml×1瓶','瓶','中国大冢制药有限公司','36','33','17.53','5%PTTZSY(SP)','1'),
('29','86979474000209','胃苏颗粒','5g*9袋/盒','盒','扬子江药业集团有限公司','41','34','1.73','WSKL','1'),
('30','86979474000208','复方甘露醇注射液(伸宁)','250ml×1袋','袋','南京正大天晴制药有限公司','36','33','15.56','FFGLCZSY(SN)','1');

-- 成药处方模板
CREATE TABLE DrugTemplate (
	ID BIGINT NOT NULL AUTO_INCREMENT,
    TemplateName VARCHAR(45) NOT NULL,
    UseRange INT NOT NULL,
    PRIMARY KEY (ID)
);
-- 成药处方模板
INSERT INTO DrugTemplate (ID, TemplateName, UseRange) VALUES
('1','念珠菌性皮炎','1'),
('2','季节性常发哮喘','2'),
('3','支气管哮喘','2');

-- 成药处方模板明细
CREATE TABLE DrugTemplateDetail (
	ID BIGINT NOT NULL AUTO_INCREMENT,
    TemplateID INT NOT NULL,
    DrugName VARCHAR(45) NOT NULL,
    DrugFormat VARCHAR(45) NOT NULL,
    DrugPrice REAL NOT NULL,
    DrugUsage VARCHAR(45) NOT NULL,
    DrugDosage VARCHAR(45) NOT NULL,
    DrugFrequency VARCHAR(45) NOT NULL,
    DrugAmount INT NOT NULL,
    PRIMARY KEY (ID)
);
INSERT INTO DrugTemplateDetail (ID, TemplateID, DrugName, DrugFormat, DrugPrice, DrugUsage, DrugDosage, DrugFrequency, DrugAmount) VALUES
('1','1','氯化钠注射液','袋','10','静脉注射','100ml','一日一次', '1'),
('2','1','甘露醇注射液','袋','20','静脉注射','200ml','一日一次', '1'),
('3','2','泽泻颗粒','盒','10','口服','1g','一日三次','1'),
('4','2','丹参颗粒','盒','15','口服','2g','一日三次','2'),
('5','2','开瑞坦','盒','10','口服','适量','多次','2'),
('6','3','酚酞','盒','10','11','11','11','1'),
('7','3','鱼腥草颗粒','盒','15','22','22','22', '1');


-- 费用科目表
CREATE TABLE ExpenseClass (
	ID BIGINT NOT NULL AUTO_INCREMENT,
    ExpCode VARCHAR(45) NOT NULL,
    ExpName VARCHAR(45) NOT NULL,
    isDelete INT NOT NULL,
    PRIMARY KEY (ID)
);
INSERT INTO ExpenseClass (ID, ExpCode, ExpName, isDelete) VALUES
('1','GHF','挂号费','1'),
('2','ZLF','诊疗费','1'),
('3','JYF','检验费','1'),
('4','JYCLF','检验材料费','1'),
('5','CSJCF','超声检查费','1'),
('6','CSCLF','超声材料费','1'),
('7','FSJCF','放射检查费','1'),
('8','FSCLF','放射材料费','1'),
('9','MRIJCF','MRI检查费','1'),
('10','MRICLF','MRI材料费','1'),
('11','CTJCF','CT检查费','1'),
('12','CTCLF','CT材料费','1'),
('13','XYF','西药费','1'),
('14','ZCYF','中成药费','1'),
('15','ZCYF','中草药费','1'),
('16','CZF','处置费','1'),
('17','CZCLF','处置材料费','1'),
('18','MZF','麻醉费','1'),
('19','MZYF','麻醉药费','1'),
('20','MZSSF','门诊手术费','1'),
('21','QT','其他','1');

-- 非药品收费项目表，不允许出现空值
CREATE TABLE Fmeditem (
	ID BIGINT NOT NULL AUTO_INCREMENT,
    ItemCode VARCHAR(45) NOT NULL,
    ItemName VARCHAR(45) NOT NULL,
    ItemFormat VARCHAR(45) NOT NULL,
    Price REAL NOT NULL,
    ExpClassID INT NOT NULL,
    DeptID INT NOT NULL,
    MnemonicCode VARCHAR(45) NOT NULL,
    ItemClass INT NOT NULL,
    isDelete INT NOT NULL,
    PRIMARY KEY (ID)
);
INSERT INTO Fmeditem (ID, ItemCode, ItemName, ItemFormat, Price, ExpClassID, DeptID, MnemonicCode, ItemClass, isDelete) VALUES
('1','120200001','大抢救','日','200','16','133','DQJ','3','1'),
('2','120200002','中抢救','日','150','16','133','ZQJ','3','1'),
('3','120200003','小抢救','日','80','16','133','XQJ','3','1'),
('4','120300001','中心吸氧','小时','2.5','16','122','ZXXY','3','1'),
('5','120300002','低流量吸氧','小时','2','16','122','DLLXY','3','1'),
('6','120300003','高频吸氧','小时','4','16','122','GPXY','3','1'),
('7','120500001','大清创缝合','次','120','16','133','DQCFH','3','1'),
('8','120500002','中清创缝合','次','80','16','133','ZQCFH','3','1'),
('9','120500003','小清创缝合','次','40','16','133','XQCFH','3','1'),
('10','121000001','洗胃','次','40','16','133','XW','3','1'),
('11','120800002','肠内高营养治疗','日','5','16','133','CNGYYZL','3','1'),
('12','121500001','灌肠','次','10','16','133','GC','3','1'),
('13','240100003','计算机治疗计划系统(TPS)','疗程','180','7','128','JSJZLJHXT','3','1'),
('14','240100004','特定计算机治疗计划系统','疗程','500','7','128','TDJSJZLJHXT','3','1'),
('15','240100004b','加速器适型治疗计划系统','疗程','500','7','128','JSQSXZLJHXT','3','1'),
('16','240100004c','伽玛刀治疗计划系统','疗程','500','7','128','GMDZLJHXT','3','1'),
('17','240100004d','X刀之TPS治疗计划系统','疗程','500','7','128','XDZTPSZLJHXT','3','1'),
('18','240100004e','逆向调强TPS及优化治疗计划系统','疗程','500','7','128','NXTQTPSJYHZLJHXT','3','1'),
('19','240100005','放射治疗的适时监控','次','50','7','128','FSZLDSSJK','3','1'),
('20','210101001','普通透视','每个部位','5','7','128','PTTS','1','1'),
('21','210101002','食管钡餐透视','次','15','7','128','SGBCTS','1','1'),
('22','210101003','床旁透视与术中透视','半小时','40','7','128','CPTSYSZTS','1','1'),
('23','210101004','C型臂术中透视','半小时','150','7','128','CXBSZTS','1','1'),
('24','210103001','气脑造影','次','80','7','128','QNZY','1','1'),
('25','210103003','脑室碘水造影','次','60','7','128','NSDSZY','1','1'),
('26','210103004','X清肌酸激酶－MB同工酶活性测定（干化X法）','次','60','3','125','XQJSJM－MBTGMHXCD（GHXF）','2','1'),
('27','210103005','X清肌酸激酶－MB同工酶活性测定（金标法）','次','60','3','125','XQJSJM－MBTGMHXCD（JBF）','2','1'),
('28','210103006','尿α1微量球蛋白测定（化X发光法）','单侧','50','3','125','Nα1WLQDBCD（HXFGF）','2','1'),
('29','210103007','β2微球蛋白测定（各种免疫X方法）','单侧','50','3','125','β2WQDBCD（GZMYXFF）','2','1'),
('30','210103008','X清β2微球蛋白测定（化X发光法）','单侧','40','3','125','XQβ2WQDBCD（HXFGF）','2','1'),
('31','210103009','尿β2微球蛋白测定（化X发光法）','单侧','80','3','125','Nβ2WQDBCD（HXFGF）','2','1'),
('32','210103010','尿蛋白电泳分析（凝胶法）','单侧','70','3','125','NDBDYFX（NJF）','2','1'),
('33','210103011','X清抗谷氨酸脱J酶抗体测定（各种免疫X方法）','单侧','50','3','125','XQKGASTJMKTCD（GZMYXFF）','2','1'),
('34','210103012','胃泌素测定（各种免疫X方法）','次','50','3','125','WMSCD（GZMYXFF）','2','1'),
('35','210103013','X浆凝X酶原时间测定(PT)(仪器法)','次','50','3','125','XJNXMYSJCD(PT)(YQF)','2','1'),
('36','210103014','X清肌酸激酶－MB同工酶活性测定（速率法）','次','60','3','125','XQJSJM－MBTGMHXCD（SLF）','2','1'),
('37','210103015','醛固酮测定（化X发光法、荧光免疫法）','次','50','3','125','QGTCD（HXFGF、YGMYF）','2','1'),
('38','210103016','尿儿茶酚胺测定（色谱法）','次','80','3','125','NECFACD（SPF）','2','1'),
('39','210103017','尿香草苦杏仁酸(VMA)测定（色谱法）','次','60','3','125','NXCKXRS(VMA)CD（SPF）','2','1'),
('40','210103018','X浆肾素活性测定','次','80','3','125','XJSSHXCD','2','1'),
('41','210103019','X管紧张素Ⅱ测定','次','100','3','125','XGJZSⅡCD','2','1'),
('42','210103020','促红细胞生成素测定','次','50','3','125','CHXBSCSCD','2','1'),
('43','210103021','睾酮测定（化X发光法、荧光免疫法）','次','80','3','125','ZTCD（HXFGF、YGMYF）','2','1'),
('44','210103022','葡萄糖测定（干化X法）(X清)','次','300','3','125','PTTCD（GHXF）(XQ)','2','1'),
('45','210103023','糖化X红蛋白测定（色谱法）','次','80','3','125','THXHDBCD（SPF）','2','1'),
('46','210103024','X浆乳酸测定','次','80','3','125','XJRSCD','2','1'),
('47','210103025','尿N-X-β-D-氨基葡萄糖苷酶测定','次','70','3','125','NN-X-β-D-AJPTTZMCD','2','1'),
('48','210103026','尿β-D-半乳糖苷酶测定','次','50','3','125','Nβ-D-BRTZMCD','2','1'),
('49','210103027','唐氏综合症筛查','单侧','70','3','125','TSZHZSC','2','1'),
('50','210103028','雌三醇测定（化X发光法、荧光免疫法）','次','50','3','125','CSCCD（HXFGF、YGMYF）','2','1'),
('51','210103029','雌二醇测定（化X发光法、荧光免疫法）','次','50','3','125','CECCD（HXFGF、YGMYF）','2','1'),
('52','210103030','孕酮测定（化X发光法、荧光免疫法）','单侧','50','3','125','YTCD（HXFGF、YGMYF）','2','1');

-- 发票
CREATE TABLE Invoice (
	ID BIGINT NOT NULL AUTO_INCREMENT,
    InvoiceNum INT NOT NULL,
    InvoiceAmt REAL NOT NULL,
    InvoiceRealGet REAL NOT NULL,
    InvoiceBalance REAL NOT NULL,
    InvoiceStatus INT NOT NULL,
    InvoiceTime DATETIME NOT NULL,
    OperatorID INT NOT NULL,
    RegID INT NOT NULL,
    PRIMARY KEY (ID)
);


-- 患者表
CREATE TABLE Patient (
	ID BIGINT NOT NULL AUTO_INCREMENT,
    PatientName VARCHAR(45) NOT NULL,
    PatientGender INT NOT NULL,
    IDNumber VARCHAR(45) NOT NULL,
    Birthday DATE NOT NULL,
    Address VARCHAR(45) NOT NULL,
    PRIMARY KEY (ID)
);
INSERT INTO Patient (ID, PatientName, PatientGender, IDNumber, Birthday, Address) VALUES
('1','李白','27','110101199003073335','1900-01-02','北京'),
('2','杜甫','27','110101199003073634','1900-01-02','雄安'),
('3','李商隐','27','110101199003075496','1900-01-02','哈尔滨'),
('4','杜牧','27','110101199003072519','1900-01-02','大连'),
('5','李清照','28','11010119900307643X','1900-01-02','青岛'),
('6','李贺','27','110101199003078937','1900-01-02','长沙'),
('7','卢照邻','27','110101199003079577','1900-01-02','天津'),
('8','陆游','27','110101199003072770','1900-01-02','上海'),
('9','屈原','27','11010119900307045X','1900-01-02','广州'),
('10','白居易','27','210102199208051076','1900-01-02','台北'),
('11','王安石','27','210102199208050938','1900-01-02','香港'),
('12','李煜','27','210102199208051834','1900-01-02','杭州'),
('13','孟浩然','27','210102199208058972','1900-01-02','南京'),
('14','王勃','27','210102199208055392','1900-01-02','武汉'),
('15','范仲淹','27','210102199208056053','1900-01-02','成都'),
('16','陶渊明','27','210102199208059377','1900-01-02','深圳'),
('17','苏洵','27','210102199208059916','1900-01-02','重庆'),
('18','苏辙','27','210102199208058999','1900-01-02','厦门'),
('19','苏轼','27','21010219920805025X','1900-01-02','沈阳'),
('20','辛弃疾','27','210102199208057253','1900-01-02','沈阳');


-- 患者成药处方
CREATE TABLE Prescription (
	ID BIGINT NOT NULL AUTO_INCREMENT,
    PatientID INT NOT NULL,
    RegID INT NOT NULL,
    DoctorID INT NOT NULL,
    PrescrName VARCHAR(45) NOT NULL,
    OpenTime DATETIME NOT NULL,
    PrescrStatus INT NOT NULL,
    PayStatus INT NOT NULL,
    PRIMARY KEY (ID)
);

-- 患者处方明细
CREATE TABLE PrescriptionDetail (
	ID BIGINT NOT NULL AUTO_INCREMENT,
    PrescrID INT NOT NULL,
    DrugID INT NOT NULL,
    DrugUsage VARCHAR(45) NOT NULL,
    DrugDosage VARCHAR(45) NOT NULL,
    DrugFrequency VARCHAR(45) NOT NULL,
    DrugAmount INT NOT NULL,
    PrescrStatus INT NOT NULL,
    PayStatus INT NOT NULL,
    PRIMARY KEY (ID)
);

-- 患者病历明细
CREATE TABLE RegInfo (
	ID BIGINT NOT NULL AUTO_INCREMENT,
    RegID INT NOT NULL,
    ChiefComplaint 	VARCHAR(200),
    CurrentHistory VARCHAR(200),
    CurrentSituation VARCHAR(200),
    PastHistory VARCHAR(200),
    AllergiesHistory VARCHAR(200),
    BodyCheck VARCHAR(200),
    PRIMARY KEY (ID)
);

-- 挂号级别
CREATE TABLE RegLevel (
	ID BIGINT NOT NULL AUTO_INCREMENT,
    RegCode VARCHAR(45) NOT NULL,
    RegName VARCHAR(45) NOT NULL,
    RegFee REAL NOT NULL,
    RegLimit INT NOT NULL,
    isDelete INT NOT NULL,
    PRIMARY KEY (ID)
);
INSERT INTO RegLevel (ID, RegCode, RegName, RegFee, RegLimit, isDelete) VALUES
('1','zjh','专家号','50','20','1'),
('2','pth','普通号','8','30','1');


-- 挂号记录
CREATE TABLE RegRecord (
	ID BIGINT NOT NULL AUTO_INCREMENT,
    PatientID INT NOT NULL,
    PatientName VARCHAR(45) NOT NULL,
    PatientGender INT NOT NULL,
    PatientAge INT NOT NULL,
    RegDate DATE NOT NULL,
    RegNoon VARCHAR(45) NOT NULL,
    DeptID INT NOT NULL,
    DoctorID INT NOT NULL,
    RegLevelID INT NOT NULL,
    CalClassID INT NOT NULL,
    NeedBook INT NOT NULL,
    RegistrarID INT NOT NULL,
    RegStatus INT NOT NULL,
    FeeType INT NOT NULL,
    PRIMARY KEY (ID)
);

-- 排班表
CREATE TABLE ScheduleInfo (
	ID BIGINT NOT NULL AUTO_INCREMENT,
    ScheduleDay DATE NOT NULL,
    DeptID INT NOT NULL,
    DoctorID INT NOT NULL,
    Morning INT NOT NULL,
    Afternoon INT NOT NULL,
    PRIMARY KEY (ID)
);


-- 排班规则
CREATE TABLE ScheduleRule (
	ID BIGINT NOT NULL AUTO_INCREMENT,
    DoctorID INT NOT NULL,
    Rule VARCHAR(45) NOT NULL,
    BeginDate DATE NOT NULL,
    EndDate DATE NOT NULL,
    PRIMARY KEY (ID)
);
INSERT INTO ScheduleRule (ID, DoctorID, Rule, BeginDate, EndDate) VALUES
('1','1','11111111100000','2019-04-01','2019-04-07'),
('2','6','11111111110000','2019-04-01','2019-04-07'),
('3','2','11111100000000','2019-04-01','2019-04-07');


-- 划价信息
CREATE TABLE SetFee (
	ID BIGINT NOT NULL AUTO_INCREMENT,
    DrugID INT NOT NULL,
    DrugPrice REAL NOT NULL,
    Amount INT NOT NULL,
    RegID INT NOT NULL,
    SetFeeTime DATETIME NOT NULL,
    PRIMARY KEY (ID)
);

-- 用户类别
CREATE TABLE UserCategory (
	ID BIGINT NOT NULL AUTO_INCREMENT,
    UserCategoryName VARCHAR(45) NOT NULL,
    isDelete INT NOT NULL,
    PRIMARY KEY (ID)
);
INSERT INTO UserCategory (ID, UserCategoryName, isDelete) VALUES
('1','发药员','1'),
('2','管理员','1'),
('3','挂号收费员','1'),
('4','医生','1');

-- 用户
CREATE TABLE Users (
	ID BIGINT NOT NULL AUTO_INCREMENT,
    UserName VARCHAR(45) NOT NULL,
    Pwd VARCHAR(45) NOT NULL,
    RealName VARCHAR(45) NOT NULL,
    UserCate INT NOT NULL,
    DoctorTitle INT NOT NULL,
    IsScheduling VARCHAR(45) NOT NULL,
    DeptID INT NOT NULL,
    RegLevel INT NOT NULL,
    isDelete INT NOT NULL,
    PRIMARY KEY (ID)
);
INSERT INTO Users (ID, UserName, Pwd, RealName, UserCate, DoctorTitle, IsScheduling, DeptID, RegLevel, isDelete) VALUES
('1','bianque','bianque123','扁鹊','4','29','是','1','1','1'),
('2','fwb','fwb123','张仲景','4','31','是','1','2','1'),
('3','hqb','hqb123','皇甫谧','4','31','是','1','2','1'),
('4','huatuo','huatuo123','华佗','4','29','是','2','1','1'),
('5','xll','xll123','葛洪','4','31','是','2','2','1'),
('6','adq','adq123','孙思邈','4','31','是','2','2','1'),
('7','dd','iop888','钱乙','2','32','否','9','2','1'),
('8','root','root','李时珍','1','29','否','1','1','1'),
('9','ghy','ghy123','挂号收费员','3','29','否','1','1','1'),
('10','admin','admin123','医院管理员','2','29','否','1','1','1');